{
    "MAE": 0.11783872844640121,
    "RMSE": 0.14732794021731305,
    "R2": 0.17556786725288742
}