{
    "Regression": {
        "MAE": 0.1176058961393027,
        "RMSE": 0.14624434720338628,
        "R2": 0.19614022754938976
    },
    "Random Forest": {
        "MAE": 0.05449285032626657,
        "RMSE": 0.0693473156247164,
        "R2": 0.819248700446999
    },
    "ARIMA": {
        "MAE": 0.13113348128339386,
        "RMSE": 0.16312447093498866,
        "R2": -0.00013897426056352913
    },
    "SARIMA": {
        "MAE": 0.1311337972523328,
        "RMSE": 0.16312545078297072,
        "R2": -0.0001509894670292944
    }
}