{
    "Total_Anomalies": 41,
    "Total_Wastage": 211.55052179686868,
    "Efficiency_Score": 0.8361925178248051
}